Metric,Optimized Portfolio,Equal Weight Benchmark
Annual Return,0.1592662738233252,1.6961822661001376
Annual Volatility,0.21103337177539333,3.9232661099062485
Sharpe Ratio,0.754697100669155,0.43233933630382015
Sortino Ratio,1.0449700392404544,10.397490211442049
Maximum Drawdown,-0.36185905612875563,-0.5079203354807652
Calmar Ratio,0.4401334473349633,3.339465163359996
